Stock,Company,Returns1,Volatility,Cluster,Returns
A,Agilent Technologies,1.112399902,29.41355214,3,1.112399902
AAL,American Airlines Group,-0.352091112,6.002482403,2,1
AAP,Advance Auto Parts,0.383909894,30.90943878,0,0.383909894
AAPL,Apple,1.445028299,28.89719839,3,1.445028299
ABBV,AbbVie,0.415460848,12.39472832,1,0.415460848
ABC,AmerisourceBergen,0.431721314,12.85539805,1,0.431721314
ABMD,Abiomed,0.971715789,65.09058239,4,0.971715789
ABT,Abbott Laboratories,0.554449364,15.16030671,1,0.554449364
ACN,Accenture,0.929405419,49.64935417,4,0.929405419
ADBE,Adobe,1.397293135,102.3218926,5,1.397293135
ADI,Analog Devices,0.717147803,24.51183333,3,0.717147803
ADM,ADM,0.644178522,9.55181609,1,0.644178522
ADP,Automatic Data Processing,0.339424238,24.68765091,0,0.339424238
ADSK,Autodesk,1.153676805,51.79138106,4,1.153676805
AEE,Ameren Corp,0.096141499,5.125389404,2,0.096141499
AEP,American Electric Power,-0.111888831,6.09034493,2,1
AES,AES Corp,0.489632803,4.839199061,1,0.489632803
AFL,Aflac,0.084855384,8.243068519,2,0.084855384
AIG,American International Group,0.126937617,10.59136783,2,0.126937617
AIZ,Assurant,0.303893587,20.65907226,0,0.303893587
AJG,Arthur J. Gallagher & Co.,0.808189943,22.05485052,3,0.808189943
AKAM,Akamai Technologies,0.205012251,9.56845366,2,0.205012251
ALB,Albemarle Corporation,2.453347981,55.01873624,5,2.453347981
ALGN,Align Technology,1.367358877,172.8332798,5,1.367358877
ALK,Alaska Air Group,-0.214950584,14.05124925,2,1
ALL,Allstate Corp,0.188850908,15.30210244,2,0.188850908
ALLE,Allegion,0.152824165,15.68856658,2,0.152824165
AMAT,Applied Materials,1.481024253,34.36223027,3,1.481024253
AMCR,Amcor,0.278247012,1.160417802,2,0.278247012
AMD,Advanced Micro Devices,2.878783302,21.9179189,5,2.878783302
AME,Ametek,0.470489217,19.57625718,1,0.470489217
AMGN,Amgen,0.024229283,14.59686721,2,0.024229283
AMP,Ameriprise Financial,1.004243663,51.86582101,4,1.004243663
AMT,American Tower,0.275294172,23.2212403,0,0.275294172
AMZN,Amazon,0.871446756,607.8948118,7,0.871446756
ANET,Arista Networks,0.622304814,64.47174815,4,0.622304814
ANSS,Ansys,0.697815091,47.06736574,4,0.697815091
ANTM,Anthem,0.676056996,50.2796571,4,0.676056996
AON,Aon,0.671474932,33.1661808,3,0.671474932
AOS,A. O. Smith,0.316575085,10.46225749,1,0.316575085
APA,APA Corporation,0.214842917,6.071805722,2,0.214842917
APD,Air Products & Chemicals,0.392561515,29.27770767,0,0.392561515
APH,Amphenol,0.560271204,10.6893238,1,0.560271204
APTV,Aptiv,0.909851784,34.75776409,3,0.909851784
ARE,Alexandria Real Estate Equities,0.311698916,16.7645363,1,0.311698916
ATO,Atmos Energy,-0.167959758,7.403075612,2,1
ATVI,Activision Blizzard,0.460858584,13.62956667,1,0.460858584
AVB,AvalonBay Communities,0.057346483,29.38293913,0,0.057346483
AVGO,Broadcom,0.85590311,85.17145814,5,0.85590311
AVY,Avery Dennison,0.722424726,40.82546816,4,0.722424726
AWK,American Water Works,0.437086156,18.71057062,1,0.437086156
AXP,American Express,0.566446185,28.31711585,0,0.566446185
AZO,AutoZone,0.626808629,212.2890676,8,0.626808629
BA,Boeing,-0.383444459,63.62204602,0,1
BAC,Bank of America,0.515784404,7.177336281,1,0.515784404
BAX,Baxter International,0.030601898,4.409869979,2,0.030601898
BBWI,"Bath & Body Works, Inc.",3.991725185,19.44579583,5,3.991725185
BBY,Best Buy,0.668607761,17.7977995,1,0.668607761
BDX,Becton Dickinson,0.005449417,13.40271124,2,0.005449417
BEN,Franklin Resources,0.106254436,5.010910838,2,0.106254436
BIIB,Biogen,-0.053451377,31.75791778,0,1
BIO,Bio-Rad Laboratories,1.249332095,129.3391085,5,1.249332095
BK,BNY Mellon,0.282087309,6.96053992,1,0.282087309
BKNG,Booking Holdings,0.18280366,319.1796933,8,0.18280366
BKR,Baker Hughes,0.115763592,4.30570282,2,0.115763592
BLK,BlackRock,1.045484521,157.7179398,5,1.045484521
BLL,Ball Corp,0.230571025,10.73841215,2,0.230571025
BMY,Bristol Myers Squibb,0.065477312,3.729094267,2,0.065477312
BR,Broadridge Financial Solutions,0.474194572,21.22831405,1,0.474194572
BRO,Brown & Brown,0.814875145,6.632359428,1,0.814875145
BSX,Boston Scientific,0.102491334,3.932297814,2,0.102491334
BWA,BorgWarner,0.154452921,7.142093359,2,0.154452921
BXP,Boston Properties,-0.112487666,19.28170474,2,1
C,Citigroup,-0.019986164,12.60919513,2,1
CAG,Conagra Brands,0.219822738,3.072021167,2,0.219822738
CAH,Cardinal Health,-0.013785421,4.04089737,2,1
CARR,Carrier Global,0,12.20895278,2,0
CAT,Caterpillar,0.512738039,40.94553613,0,0.512738039
CB,Chubb,0.241662291,22.7996388,0,0.241662291
CBOE,Cboe Global Markets,0.134456444,14.0346068,2,0.134456444
CBRE,CBRE,0.99237366,19.06777215,3,0.99237366
CCI,Crown Castle,0.257427098,18.15556929,1,0.257427098
CCL,Carnival Corporation,-0.501510281,10.75289803,2,1
CDAY,Ceridian,1.870567539,18.47974077,5,1.870567539
CDNS,Cadence Design Systems,1.580580898,30.81668356,3,1.580580898
CDW,CDW,0.541663361,29.25200027,0,0.541663361
CE,Celanese,0.386334279,27.86743271,0,0.386334279
CERN,Cerner,0.060239991,4.531241767,2,0.060239991
CF,CF Industries,0.303936647,9.478712908,1,0.303936647
CFG,Citizens Financial Group,0.411888646,9.383141803,1,0.411888646
CHD,Church & Dwight,0.10877885,8.288382111,2,0.10877885
CHRW,C. H. Robinson,0.122719002,10.54078725,2,0.122719002
CHTR,Charter Communications,0.673477842,97.92516243,5,0.673477842
CI,Cigna,0.2715302,25.90672801,0,0.2715302
CINF,Cincinnati Financial,0.067754016,19.58927676,2,0.067754016
CL,Colgate-Palmolive,0.099429414,5.61342716,2,0.099429414
CLX,Clorox,0.072234013,23.24009106,0,0.072234013
CMA,Comerica,0.368852415,16.36157565,1,0.368852415
CMCSA,Comcast,0.206623536,7.206655342,2,0.206623536
CME,CME Group,0.070061528,18.54298474,2,0.070061528
CMG,Chipotle Mexican Grill,1.221340469,357.7539113,8,1.221340469
CMI,Cummins,0.380664748,38.34498363,0,0.380664748
CMS,CMS Energy,-0.061104706,3.237948918,2,1
CNC,Centene Corporation,0.433669268,5.05918423,1,0.433669268
CNP,CenterPoint Energy,-0.113560983,3.56215543,2,1
COF,Capital One Financial,0.822080834,38.08084941,3,0.822080834
COO,The Cooper Companies,0.467529683,48.3746266,4,0.467529683
COP,ConocoPhillips,0.361378241,11.47486607,1,0.361378241
COST,Costco,0.648886748,50.30090176,4,0.648886748
CPB,Campbell Soup,-0.144647432,2.695401615,2,1
CPRT,Copart,0.816849811,22.09883304,3,0.816849811
CRL,Charles River Laboratories,2.322128131,95.8956816,5,2.322128131
CRM,Salesforce,0.985687313,39.0041221,3,0.985687313
CSCO,Cisco Systems,0.186920906,5.702549913,2,0.186920906
CSX,CSX,0.49619024,4.39352944,1,0.49619024
CTAS,Cintas Corporation,0.573621221,58.27621885,4,0.573621221
CTLT,Catalent,1.665455432,26.5640003,5,1.665455432
CTRA,Coterra,0.214788751,1.716655036,2,0.214788751
CTSH,Cognizant Technology Solutions,0.301933581,9.337453188,1,0.301933581
CTVA,Corteva,0.620022748,8.414712076,1,0.620022748
CTXS,Citrix Systems,-0.083603923,14.99102772,2,1
CVS,CVS Health,0.349167309,9.180886267,1,0.349167309
CVX,Chevron Corporation,-0.034529726,13.87837609,2,1
CZR,Caesars Entertainment,1.5336115,28.60416611,3,1.5336115
D,Dominion Energy,-0.073138334,4.319669036,2,1
DAL,Delta Air Lines,-0.265476898,10.77264689,2,1
DD,DuPont,0.087307514,13.0005376,2,0.087307514
DE,Deere & Co.,1.048573501,88.8932698,5,1.048573501
DFS,Discover Financial Services,0.555430174,29.18930339,0,0.555430174
DG,Dollar General,0.367493657,24.63433702,0,0.367493657
DGX,Quest Diagnostics,0.449147526,15.97556702,1,0.449147526
DHI,D. R. Horton,0.634401616,17.55971529,1,0.634401616
DHR,Danaher Corporation,1.257402481,54.73710973,4,1.257402481
DIS,The Walt Disney Company,0.320896705,29.36385097,0,0.320896705
DISCA,Discovery (Series A),-0.078612957,10.12909728,2,1
DISCK,Discovery (Series C),-0.043520751,8.257558287,2,1
DISH,Dish Network,0.278770021,6.429787985,1,0.278770021
DLR,Digital Realty Trust,0.166914676,12.54680853,2,0.166914676
DLTR,Dollar Tree,-0.091782013,10.99377401,2,1
DOV,Dover Corporation,0.633983074,24.98055618,3,0.633983074
DOW,Dow,0.191732371,10.56720628,2,0.191732371
DPZ,Domino's Pizza,0.777807261,66.40545711,4,0.777807261
DRE,Duke Realty Corp,0.611288537,6.203226652,1,0.611288537
DRI,Darden Restaurants,0.305180608,28.99346378,0,0.305180608
DTE,DTE Energy,0.057873105,11.10383542,2,0.057873105
DUK,Duke Energy,0.07130216,7.902491463,2,0.07130216
DVA,DaVita,0.972609882,20.13592899,3,0.972609882
DVN,Devon Energy,0.878145481,8.13262992,1,0.878145481
DXC,DXC Technology,0.241700111,8.708579912,2,0.241700111
DXCM,DexCom,2.872763067,95.63480797,5,2.872763067
EA,Electronic Arts,0.480099944,15.78035295,1,0.480099944
EBAY,eBay,1.259966379,13.04778125,3,1.259966379
ECL,Ecolab,0.165539989,16.05026127,2,0.165539989
ED,Consolidated Edison,-0.195142659,6.827974376,2,1
EFX,Equifax,1.002614463,44.00550201,4,1.002614463
EIX,Edison International,-0.156669913,6.888878868,2,1
EL,Estée Lauder Companies,0.759449678,55.09365853,4,0.759449678
EMN,Eastman Chemical,0.44596925,21.86506621,0,0.44596925
EMR,Emerson Electric Company,0.383800812,15.4497667,1,0.383800812
ENPH,Enphase Energy,6.765187541,60.49652508,5,6.765187541
EOG,EOG Resources,0.300958673,16.59051356,1,0.300958673
EQIX,Equinix,0.46001517,86.8555758,5,0.46001517
EQR,Equity Residential,-0.025919208,11.73721085,2,1
ES,Eversource Energy,-0.002494157,4.47392548,2,1
ESS,Essex Property Trust,0.028840271,42.25452478,0,0.028840271
ETN,Eaton Corporation,0.935905117,27.78253142,3,0.935905117
ETR,Entergy,-0.139290721,10.31563749,2,1
ETSY,Etsy,3.366926449,65.15476021,5,3.366926449
EVRG,Evergy,0.011587815,5.583009641,2,0.011587815
EW,Edwards Lifesciences,0.543388939,14.82299725,1,0.543388939
EXC,Exelon,0.119640569,4.472580538,2,0.119640569
EXPD,Expeditors,0.653541122,19.82497515,1,0.653541122
EXPE,Expedia Group,0.179232915,36.82354753,0,0.179232915
EXR,Extra Space Storage,0.627693612,29.06503988,0,0.627693612
F,Ford,0.853197592,3.178993229,1,0.853197592
FANG,Diamondback Energy,0.263591049,23.34269682,0,0.263591049
FAST,Fastenal,0.515061898,7.064116368,1,0.515061898
FB,Facebook,0.748786862,58.18866134,4,0.748786862
FBHS,Fortune Brands Home & Security,0.597663248,17.51403579,1,0.597663248
FCX,Freeport-McMoRan,3.098112501,11.74417471,5,3.098112501
FDX,FedEx,0.522499854,65.2876318,4,0.522499854
FE,FirstEnergy,-0.22458068,6.672123092,2,1
FFIV,F5 Networks,0.425517266,32.58079907,0,0.425517266
FIS,Fidelity National Information Services,-0.04620392,9.859767992,2,1
FISV,Fiserv,0.071048877,8.739614205,2,0.071048877
FITB,Fifth Third Bancorp,0.61440218,8.518099331,1,0.61440218
FLT,Fleetcor,-0.052828769,26.55161984,0,1
FMC,FMC Corporation,0.118119661,10.88825373,2,0.118119661
FOX,Fox Corporation (Class B),0.239873412,4.759835385,2,0.239873412
FOXA,Fox Corporation (Class A),0.30170276,5.434328082,1,0.30170276
FRC,First Republic Bank,1.033295648,37.77308192,3,1.033295648
FRT,Federal Realty Investment Trust,-0.134389385,20.50881564,2,1
FTNT,Fortinet,3.141428018,67.66663651,5,3.141428018
FTV,Fortive,0.245934968,8.055931525,2,0.245934968
GD,General Dynamics,0.193223253,23.02570062,0,0.193223253
GE,General Electric,0.473463719,21.98061052,1,0.473463719
GILD,Gilead Sciences,0.027803016,5.325670385,2,0.027803016
GIS,General Mills,0.217626648,3.86548784,2,0.217626648
GL,Globe Life,-0.033274583,11.19259906,2,1
GLW,Corning,0.301946917,7.126052031,1,0.301946917
GM,General Motors,0.609296509,13.02897292,1,0.609296509
GNRC,Generac Holdings,4.230292244,122.0275111,5,4.230292244
GOOG,Alphabet (Class C),1.19851075,535.8332641,7,1.19851075
GOOGL,Alphabet (Class A),1.184074483,522.2412225,7,1.184074483
GPC,Genuine Parts,0.284766831,17.42757578,1,0.284766831
GPN,Global Payments,-0.018419754,18.29167167,2,1
GPS,Gap,0.296189443,7.771889762,1,0.296189443
GRMN,Garmin,0.901625231,27.20965348,3,0.901625231
GS,Goldman Sachs,0.963610554,79.26956844,5,0.963610554
GWW,W. W. Grainger,0.385933178,59.6705168,4,0.385933178
HAL,Halliburton,0.321366118,5.057407457,1,0.321366118
HAS,Hasbro,-0.077787054,11.78010223,2,1
HBAN,Huntington Bancshares,0.16015353,2.803382493,2,0.16015353
HBI,Hanesbrands,0.07210035,3.371365901,2,0.07210035
HCA,HCA Healthcare,0.946640015,48.25519147,4,0.946640015
HD,Home Depot,0.588438967,42.88617667,4,0.588438967
HES,Hess Corporation,0.327201979,15.41640216,1,0.327201979
HIG,The Hartford,0.282090717,12.06721205,1,0.282090717
HII,Huntington Ingalls Industries,-0.039914813,33.55464412,0,1
HLT,Hilton Worldwide,0.462845929,20.60606668,1,0.462845929
HOLX,Hologic,0.537961438,11.95038331,1,0.537961438
HON,Honeywell,0.271666772,32.22225215,0,0.271666772
HPE,Hewlett Packard Enterprise,-0.026746393,2.722392434,2,1
HPQ,HP,0.79380827,5.702250813,1,0.79380827
HRL,Hormel,0.026914664,2.687852807,2,0.026914664
HSIC,Henry Schein,0.240878307,7.875376909,2,0.240878307
HST,Host Hotels & Resorts,-0.000893466,2.718268525,2,1
HSY,The Hershey Company,0.235499094,15.21562611,1,0.235499094
HUM,Humana,0.612103685,42.22603475,4,0.612103685
HWM,Howmet Aerospace,0.088953719,7.529637328,2,0.088953719
IBM,IBM,-0.046366879,11.00171376,2,1
ICE,Intercontinental Exchange,0.430308838,12.20429823,1,0.430308838
IDXX,Idexx Laboratories,1.432527125,145.0527107,5,1.432527125
IEX,IDEX Corporation,0.402996864,27.50577303,0,0.402996864
IFF,International Flavors & Fragrances,0.220700075,12.99934879,2,0.220700075
ILMN,Illumina,0.320507116,65.74961267,4,0.320507116
INCY,Incyte,-0.138451656,9.678565037,2,1
INFO,IHS Markit,0.774073529,18.212768,3,0.774073529
INTC,Intel,-0.04566338,5.359166342,2,1
INTU,Intuit,1.326110447,97.95815911,5,1.326110447
IP,International Paper,0.330449824,9.289354309,1,0.330449824
IPG,Interpublic Group,0.68971131,7.088754323,1,0.68971131
IPGP,IPG Photonics,0.15233635,35.79594884,0,0.15233635
IQV,IQVIA,0.768065142,43.34825293,4,0.768065142
IR,Ingersoll Rand,0.693583421,8.92801305,1,0.693583421
IRM,Iron Mountain,0.339087187,7.189610098,1,0.339087187
ISRG,Intuitive Surgical,0.899288313,54.63906089,4,0.899288313
IT,Gartner,1.241386174,62.26468491,4,1.241386174
ITW,Illinois Tool Works,0.405451732,25.10636542,0,0.405451732
IVZ,Invesco,0.46221958,6.564507731,1,0.46221958
J,Jacobs Engineering Group,0.485487768,21.05701097,1,0.485487768
JBHT,J. B. Hunt,0.710651263,26.41984658,3,0.710651263
JCI,Johnson Controls,0.74586288,14.37812459,1,0.74586288
JKHY,Jack Henry & Associates,0.25122286,11.83383163,1,0.25122286
JNJ,Johnson & Johnson,0.287058871,12.26549312,1,0.287058871
JNPR,Juniper Networks,0.137902861,2.43417781,2,0.137902861
JPM,JPMorgan Chase,0.36607218,25.91780594,0,0.36607218
K,Kellogg's,0.001540727,3.083131318,2,0.001540727
KEY,KeyCorp,0.322882224,4.093263799,1,0.322882224
KEYS,Keysight Technologies,0.762930566,27.57757127,3,0.762930566
KHC,Kraft Heinz,0.280186222,4.811692351,1,0.280186222
KIM,Kimco Realty,0.08695653,4.39014482,2,0.08695653
KLAC,KLA Corporation,1.048476902,70.63748912,5,1.048476902
KMB,Kimberly-Clark,-0.042902603,7.135948466,2,1
KMI,Kinder Morgan,-0.12940315,2.65250364,2,1
KMX,CarMax,0.479972559,21.47695619,1,0.479972559
KO,Coca-Cola Company,-0.006504335,4.066830004,2,1
KR,Kroger,0.616726828,4.553495494,1,0.616726828
KSU,Kansas City Southern,1.083780086,57.33011235,4,1.083780086
L,Loews Corporation,0.13178601,8.709795608,2,0.13178601
LDOS,Leidos,0.276650383,7.629040551,1,0.276650383
LEG,Leggett & Platt,0.077044735,7.482506938,2,0.077044735
LEN,Lennar,0.62013877,19.11670801,1,0.62013877
LH,LabCorp,0.713563927,49.0502476,4,0.713563927
LHX,L3Harris Technologies,0.196888762,20.5318013,0,0.196888762
LIN,Linde,0.641639454,41.92484858,4,0.641639454
LKQ,LKQ Corporation,0.77854669,9.617339039,1,0.77854669
LLY,Eli Lilly & Co,1.27633167,41.173328,3,1.27633167
LMT,Lockheed Martin,0.005683954,24.70355618,0,0.005683954
LNC,Lincoln National,0.245372641,13.97449004,1,0.245372641
LNT,Alliant Energy,0.059075699,4.037984229,2,0.059075699
LOW,Lowe's,1.090055893,36.58818855,3,1.090055893
LRCX,Lam Research,1.088987234,144.6958765,5,1.088987234
LUMN,Lumen Technologies,-0.03171501,1.769610007,2,1
LUV,Southwest Airlines,-0.157988982,10.14485341,2,1
LVS,Las Vegas Sands,-0.376308035,9.043718751,2,1
LW,Lamb Weston,-0.214304276,10.72300567,2,1
LYB,LyondellBasell,0.107967416,17.90668565,2,0.107967416
LYV,Live Nation Entertainment,0.489019912,17.13191047,1,0.489019912
MA,Mastercard,0.349079079,37.454373,0,0.349079079
MAA,Mid-America Apartments,0.478113903,26.82705577,0,0.478113903
MAR,Marriott International,0.241914653,24.98536594,0,0.241914653
MAS,Masco,0.39619653,7.377722774,1,0.39619653
MCD,McDonald's,0.213498571,21.16484797,0,0.213498571
MCHP,Microchip Technology,0.618987041,13.65945905,1,0.618987041
MCK,McKesson Corporation,0.431181292,23.78524053,0,0.431181292
MCO,Moody's Corporation,0.790634524,49.42929168,4,0.790634524
MDLZ,Mondelez International,0.141874012,4.176938824,2,0.141874012
MDT,Medtronic,0.172001144,12.69308777,2,0.172001144
MET,MetLife,0.423725176,10.99970419,1,0.423725176
MGM,MGM Resorts International,0.703224656,10.08108034,1,0.703224656
MHK,Mohawk Industries,0.495766661,44.3506947,4,0.495766661
MKC,McCormick & Company,0.006375027,7.447116465,2,0.006375027
MKTX,MarketAxess,0.175785568,69.37996215,5,0.175785568
MLM,Martin Marietta Materials,0.484673528,64.02213972,4,0.484673528
MMC,Marsh & McLennan,0.719959471,18.33279601,1,0.719959471
MMM,3M,0.126258586,18.19466957,2,0.126258586
MNST,Monster Beverage,0.496202014,13.25857412,1,0.496202014
MO,Altria Group,0.025127775,4.56853785,2,0.025127775
MOS,The Mosaic Company,1.126003931,8.594032222,3,1.126003931
MPC,Marathon Petroleum,0.02426527,13.12180923,2,0.02426527
MPWR,Monolithic Power Systems,2.471312635,103.6334276,5,2.471312635
MRK,Merck & Co.,0.036641815,4.097828761,2,0.036641815
MRNA,Moderna,19.81193405,116.639412,6,19.81193405
MRO,Marathon Oil,0.39949746,3.578417043,1,0.39949746
MS,Morgan Stanley,1.22945805,21.22419378,3,1.22945805
MSCI,MSCI,1.933147542,114.7608575,5,1.933147542
MSFT,Microsoft,1.205945454,46.08566625,4,1.205945454
MSI,Motorola Solutions,0.511056617,31.41160658,0,0.511056617
MTB,M&T Bank,0.015357013,25.12265505,0,0.015357013
MTCH,Match Group,1.281072222,34.1810529,3,1.281072222
MTD,Mettler Toledo,1.138349319,276.6110106,8,1.138349319
MU,Micron Technology,0.463163549,15.9565149,1,0.463163549
NCLH,Norwegian Cruise Line Holdings,-0.494506597,13.44199589,2,1
NDAQ,Nasdaq,0.990400062,30.55290337,3,0.990400062
NEE,NextEra Energy,0.421006075,8.688857115,1,0.421006075
NEM,Newmont,0.492583194,9.041496255,1,0.492583194
NFLX,Netflix,1.47749545,87.56304358,5,1.47749545
NI,NiSource,-0.115599325,2.029247032,2,1
NKE,Nike,0.796902683,26.1508906,3,0.796902683
NLOK,NortonLifeLock,0.160008656,2.972596102,2,0.160008656
NLSN,Nielsen Holdings,-0.08423276,4.39282527,2,1
NOC,Northrop Grumman,0.135524347,28.17615792,0,0.135524347
NOW,ServiceNow,1.906005525,117.7413282,5,1.906005525
NRG,NRG Energy,0.018241893,4.403349082,2,0.018241893
NSC,Norfolk Southern,0.572879172,39.71842207,4,0.572879172
NTAP,NetApp,0.685662758,16.29270167,1,0.685662758
NTRS,Northern Trust,0.229496753,15.09985003,1,0.229496753
NUE,Nucor,1.060235308,24.94577223,3,1.060235308
NVDA,Nvidia,3.73432895,51.16577986,5,3.73432895
NVR,NVR,0.299251709,704.1204196,7,0.299251709
NWL,Newell Brands,0.16426733,4.830463931,2,0.16426733
NWS,News Corp (Class B),0.718552404,5.250509958,1,0.718552404
NWSA,News Corp (Class A),0.754453248,5.815267713,1,0.754453248
NXPI,NXP,0.890685385,41.00790337,4,0.890685385
O,Realty Income Corporation,-0.088064258,7.803447665,2,1
ODFL,Old Dominion Freight Line,1.652088895,54.82035239,5,1.652088895
OGN,Organon & Co.,0,2.571399535,2,0
OKE,Oneok,-0.07962545,16.43147396,2,1
OMC,Omnicom Group,-0.078572293,11.36863071,2,1
ORCL,Oracle,0.812937814,13.74631122,1,0.812937814
ORLY,O'Reilly Automotive,0.512211289,77.39397619,5,0.512211289
OTIS,Otis Worldwide,0,12.6315569,2,0
OXY,Occidental Petroleum,-0.172381196,10.02412712,2,1
PAYC,Paycom,1.654692779,82.18932079,5,1.654692779
PAYX,Paychex,0.45920904,15.15211863,1,0.45920904
PBCT,People's United Financial,0.106186788,2.832221497,2,0.106186788
PCAR,Paccar,0.15710483,9.216488722,2,0.15710483
PEAK,Healthpeak Properties,-0.087257216,3.999324507,2,1
PEG,Public Service Enterprise Group,0.010838569,5.179916782,2,0.010838569
PENN,Penn National Gaming,2.528768267,31.58938714,5,2.528768267
PEP,PepsiCo,0.156719129,8.965284274,2,0.156719129
PFE,Pfizer,0.247334704,3.917859209,2,0.247334704
PFG,Principal Financial Group,0.216724643,10.94815389,2,0.216724643
PG,Procter & Gamble,0.127654461,9.7518196,2,0.127654461
PGR,Progressive Corporation,0.385878767,9.67941788,1,0.385878767
PH,Parker-Hannifin,0.631736211,58.33227445,4,0.631736211
PHM,PulteGroup,0.211308853,8.705350003,2,0.211308853
PKG,Packaging Corporation of America,0.249078578,20.36638919,0,0.249078578
PKI,PerkinElmer,1.088980591,31.14219089,3,1.088980591
PLD,Prologis,0.569334456,15.81270801,1,0.569334456
PM,Philip Morris International,0.190055297,9.980366518,2,0.190055297
PNC,PNC Financial Services,0.487843378,34.79862572,0,0.487843378
PNR,Pentair,0.846875112,13.69539157,1,0.846875112
PNW,Pinnacle West Capital,-0.291933911,7.405419245,2,1
POOL,Pool Corporation,1.499729954,95.24864834,5,1.499729954
PPG,PPG Industries,0.2960026,25.67831353,0,0.2960026
PPL,PPL,-0.123604017,3.130270109,2,1
PRU,Prudential Financial,0.251698451,17.95675616,1,0.251698451
PSA,Public Storage,0.357708075,42.28391019,0,0.357708075
PSX,Phillips 66,-0.244327935,17.84079186,2,1
PTC,PTC,0.855396845,28.4655944,3,0.855396845
PVH,PVH,0.2359644,25.2339422,0,0.2359644
PWR,Quanta Services,1.926213479,26.43126873,5,1.926213479
PXD,Pioneer Natural Resources,0.491451974,31.46366571,0,0.491451974
PYPL,PayPal,1.377237512,66.32827363,4,1.377237512
QCOM,Qualcomm,0.680972305,27.79960621,3,0.680972305
QRVO,Qorvo,1.115476612,36.76363581,3,1.115476612
RCL,Royal Caribbean Group,-0.22275664,25.26510113,2,1
RE,Everest Re,0.132234548,30.03543544,0,0.132234548
REG,Regency Centers,0.01987816,11.20774824,2,0.01987816
REGN,Regeneron Pharmaceuticals,0.890080824,89.31917677,5,0.890080824
RF,Regions Financial Corporation,0.489184107,4.296744891,1,0.489184107
RHI,Robert Half International,0.932851216,19.0772448,3,0.932851216
RJF,Raymond James Financial,0.825110202,17.60517319,3,0.825110202
RL,Ralph Lauren Corporation,0.274248288,21.73553974,0,0.274248288
RMD,ResMed,1.095122354,40.13274017,3,1.095122354
ROK,Rockwell Automation,0.819558739,43.90818421,4,0.819558739
ROL,Rollins,0.526075111,5.758625653,1,0.526075111
ROP,Roper Technologies,0.475641723,48.69580602,4,0.475641723
ROST,Ross Stores,0.023904376,14.76203144,2,0.023904376
RSG,Republic Services,0.509955091,13.58209269,1,0.509955091
RTX,Raytheon Technologies,0.010628004,13.14995995,2,0.010628004
SBAC,SBA Communications,0.418234897,33.11633434,0,0.418234897
SBUX,Starbucks,0.377735009,16.31519805,1,0.377735009
SCHW,Charles Schwab Corporation,1.023420323,15.24026073,3,1.023420323
SEE,Sealed Air,0.438621967,10.00480137,1,0.438621967
SHW,Sherwin-Williams,0.614057989,42.31334725,4,0.614057989
SIVB,SVB Financial,2.589956953,164.2437342,5,2.589956953
SJM,JM Smucker,0.138506913,9.59970722,2,0.138506913
SLB,Schlumberger,-0.020791784,7.454183897,2,1
SNA,Snap-on,0.273089644,39.66652962,0,0.273089644
SNPS,Synopsys,1.361530701,58.53465539,4,1.361530701
SO,Southern Company,0.015496353,4.732827116,2,0.015496353
SPG,Simon Property Group,-0.056526778,33.13005674,0,1
SPGI,S&P Global,0.799355887,57.05798963,4,0.799355887
SRE,Sempra Energy,-0.11920839,11.60325185,2,1
STE,Steris,0.716027371,26.01855653,3,0.716027371
STT,State Street Corporation,0.507667594,11.13592842,1,0.507667594
STX,Seagate Technology,0.584992829,16.55929542,1,0.584992829
STZ,Constellation Brands,0.112029099,26.66647711,0,0.112029099
SWK,Stanley Black & Decker,0.296182562,29.77398904,0,0.296182562
SWKS,Skyworks Solutions,0.845244682,32.11457901,3,0.845244682
SYF,Synchrony Financial,0.39817204,10.48602113,1,0.39817204
SYK,Stryker Corporation,0.296485462,32.32760156,0,0.296485462
SYY,Sysco,-0.0079797,12.04498101,2,1
T,AT&T,-0.307982052,3.763941956,2,1
TAP,Molson Coors Beverage Company,-0.25382004,7.414359171,2,1
TDG,TransDigm Group,0.20095114,97.75882095,5,0.20095114
TDY,Teledyne Technologies,0.337430399,50.03813146,4,0.337430399
TECH,Bio-Techne,1.532682027,103.3060503,5,1.532682027
TEL,TE Connectivity,0.575042712,25.47772075,0,0.575042712
TER,Teradyne,0.868166699,27.12610461,3,0.868166699
TFC,Truist Financial,0.216776701,9.459061008,2,0.216776701
TFX,Teleflex,0.178007815,31.98220987,0,0.178007815
TGT,Target Corporation,1.363083889,51.01513216,4,1.363083889
TJX,TJX Companies,0.103197402,7.652223016,2,0.103197402
TMO,Thermo Fisher Scientific,1.072246497,88.24612816,5,1.072246497
TMUS,T-Mobile US,0.430166838,22.07911961,0,0.430166838
TPR,Tapestry,0.542784999,11.55484801,1,0.542784999
TRMB,Trimble,1.239902363,19.37529171,3,1.239902363
TROW,T. Rowe Price,0.829289889,34.45283692,3,0.829289889
TRV,The Travelers Companies,0.230693213,19.59365275,0,0.230693213
TSCO,Tractor Supply Company,1.158673501,38.04771482,3,1.158673501
TSLA,Tesla,15.97669182,267.7299383,6,15.97669182
TSN,Tyson Foods,0.074402479,10.25346545,2,0.074402479
TT,Trane Technologies,0.937536535,37.51999718,3,0.937536535
TTWO,Take-Two Interactive,0.464532825,26.82944337,0,0.464532825
TWTR,Twitter,1.008130081,14.9735651,3,1.008130081
TXN,Texas Instruments,0.694662504,30.23572671,3,0.694662504
TXT,Textron,0.58310165,14.53538362,1,0.58310165
TYL,Tyler Technologies,1.031963565,67.48594889,5,1.031963565
UA,Under Armour (Class C),-0.042609124,4.32496081,2,1
UAA,Under Armour (Class A),0.01677845,5.203946693,2,0.01677845
UAL,United Airlines,-0.482351598,18.89206596,2,1
UDR,UDR,0.106189323,6.887832578,2,0.106189323
UHS,Universal Health Services,-0.067242543,20.52995062,2,1
ULTA,Ulta Beauty,0.552756085,59.08387196,4,0.552756085
UNH,UnitedHealth Group,0.833871842,54.56459922,4,0.833871842
UNP,Union Pacific,0.413463215,25.0538262,0,0.413463215
UPS,United Parcel Service,0.78308911,38.62508074,3,0.78308911
URI,United Rentals,1.767575813,85.24624396,5,1.767575813
USB,U.S. Bancorp,0.109749603,9.887583224,2,0.109749603
V,Visa,0.331073446,21.27662925,0,0.331073446
VFC,VF Corporation,-0.221096696,11.49404666,2,1
VIAC,ViacomCBS,0.051048972,13.94161712,2,0.051048972
VLO,Valero Energy,-0.148178723,16.15741124,2,1
VMC,Vulcan Materials,0.309903815,26.06540011,0,0.309903815
VNO,Vornado Realty Trust,-0.307966462,10.46300388,2,1
VRSK,Verisk Analytics,0.420601006,19.33929011,1,0.420601006
VRSN,Verisign,0.18193081,12.78385121,2,0.18193081
VRTX,Vertex Pharmaceuticals,-0.047333788,30.82999159,0,1
VTR,Ventas,-0.246860757,10.13463735,2,1
VTRS,Viatris,-0.243013722,2.21185518,2,1
VZ,Verizon Communications,-0.129993393,2.334484241,2,1
WAB,Wabtec,0.329462414,11.35742909,1,0.329462414
WAT,Waters Corporation,0.708084281,68.21467692,5,0.708084281
WBA,Walgreens Boots Alliance,-0.093039519,6.846211638,2,1
WDC,Western Digital,-0.044858904,12.38093429,2,1
WEC,WEC Energy Group,-0.036698271,5.039261745,2,1
WELL,Welltower,-0.11013868,14.36663455,2,1
WFC,Wells Fargo,-0.009510765,10.60259461,2,1
WHR,Whirlpool Corporation,0.299246214,41.87530895,0,0.299246214
WLTW,Willis Towers Watson,0.314668507,21.70038452,0,0.314668507
WM,Waste Management,0.422550217,17.06507966,1,0.422550217
WMB,Williams Companies,0.237726125,3.267617244,2,0.237726125
WMT,Walmart,0.258690223,11.54138772,1,0.258690223
WRB,W. R. Berkley Corporation,0.161573261,8.190214167,2,0.161573261
WRK,WestRock,0.292819218,9.658943537,1,0.292819218
WST,West Pharmaceutical Services,2.008461782,90.33610775,5,2.008461782
WU,Western Union,-0.207432361,2.381491282,2,1
WY,Weyerhaeuser,0.2906658,5.769033662,1,0.2906658
WYNN,Wynn Resorts,-0.230125496,23.51979453,2,1
XEL,Xcel Energy,0.003718591,3.934536966,2,0.003718591
XLNX,Xilinx,0.88745693,24.48025104,3,0.88745693
XOM,ExxonMobil,-0.07128377,11.04465272,2,1
XRAY,Dentsply Sirona,0.083553078,8.773978503,2,0.083553078
XYL,Xylem,0.578799553,21.18708884,1,0.578799553
YUM,Yum! Brands,0.153648517,15.08616004,2,0.153648517
ZBH,Zimmer Biomet,0.122699262,17.81186209,2,0.122699262
ZBRA,Zebra Technologies,1.51482856,127.6457948,5,1.51482856
ZION,Zions Bancorp,0.387497379,10.92938803,1,0.387497379
ZTS,Zoetis,0.716917499,26.17303709,3,0.716917499
